	Frage	Richtige Antwort	Falsche Antwort 1	Falsche Antwort 2	Falsche Antwort 3	Reaktion richtige Antwort	Reaktion falsche Antwort 1	Reaktion falsche Antwort 2	Reaktion falsche Antwort 3	Related topics/projects	Quelle
DokuStress	Um wie viel Prozent höher liegt das Mortalitätsrisiko bei Personen mit starker Stressbelastung im Vergleich zur unbelasteten Referenzgruppe?	50%	80%	20%	10%	Gut gemacht! In einer Studie von Russ et. al war zu erkennen, dass Personen mit starker Stressbelastung ein fast 50% höheres Mortalitätsrisiko, als die unbelastete Referenzgruppe aufwiesen. 	Puh, diese Antwort ist Gott sei Dank falsch. Das Mortalitätsrisiko bei Personen mit starker Stressbelastung ist zum Glück geringer. Es ist im Vergleich zur Referenzgruppe um 50% erhöht. 	Leider ist das Mortalitätsrisiko bei Personen mit starker Stressbelastung um 50% höher als bei der Referenzgruppe. Deine Antwort ist also falsch, beim nächsten Mal hast du mehr Glück. 	Leider ist das Mortalitätsrisiko bei Personen mit starker Stressbelastung um 50% höher als bei der Referenzgruppe. Deine Antwort ist also falsch, beim nächsten Mal hast du mehr Glück. 	Im GesundheitsCampus Osnabrück läuft derzeit das Projekt „Sprachgesteuerte Patientendokumentation & Stressmessung.“ Im Projekt werden die Bedingungen für eine erleichterte Dokumentation physiotherapeutischer Interventionen unter Nutzung einer I-Häls-Technologie zusammengeführt. 	Gerber, M. u. Schilling, R. (2018): Stress als Risikofaktor für körperliche und psychische Gesundheits-beeinträchtigungen. In: Fuchs, R. u. Gerber, M. [Hrsg.]: Handbuch Stressregulation und Sport. Berlin. Springer. S. 93 -122
Forschungskolleg FamiLe	Wie viel Prozent der pflegebedürftigen Menschen werden in Deutschland zu Hause versorgt?	70%	30%	90%	50%	Klasse, du bist gut! Laut dem deutschen Institut für angewandte Pflegeforschung e.V. werden rund 70% der pflegebedürftigen Menschen in Deutschland zu Hause versorgt. 	Diese Antwort ist leider falsch. Das richtige Ergebnis wäre 70% gewesen. 	Da hast du dich ein bisschen verschätzt. Die richtige Antwort wäre 70% gewesen.	Knapp daneben ist auch vorbei. Die richtige Antwort wäre 70% gewesen. 	Die Hochschule Osnabrück beschäftigt sich hierzu mit dem Thema Familiengesundheit im Lebensverlauf.	Deutsches Institut für angewandte Pflegeforschung e.V. (2018): Pflege-Thermometer 2018. In: http://www.dip.de/projekte/projekt-details/?tx_ttnews%5BbackPid%5D=56&tx_ttnews%5Btt_news%5D=254&cHash=05679c282d2af35655b3887fd5f964d6&L=0 (Download am 03.05.2018) 
IsQua	Die im internationalen Vergleich späte Akademisierung der Gesundheitsberufe in Deutschland trifft auch auf den Hebammenbereich zu. Wann wurde das erste ausbildungsergänzende Bachelorstudienprogramm für den Hebammenberuf in Deutschland realisiert? 	2008	2000	2017	1994	Ich habe es mit einem echten Experten zu tun! Ein erstes ausbildungsergänzendes Bädschela-Studienprogramm für den Hebammenberuf wurde im Wintersemester 2008/2009 an der Hochschule Osnabrück realisiert. 	Das wäre zu schön gewesen. Leider kam es erst 2008 zur Akademisierung des Hebammenberufs. 	Hoppla, mit der Antwort liegst du leider falsch. Die Akademisierung des Hebammenberufs hat bereits deutlich eher,  im Jahr 2008 begonnen. 	Das wäre zu schön gewesen. Leider kam es erst 2008 zur Akademisierung des Hebammenberufs. 	 Die Hochschule Osnabrück arbeitet zurzeit an einer Verbesserung der gesundheitlichen Versorgung von Frauen und jungen Familien mit dem  Forschungsschwerpunkt „Versorgung während der Schwangerschaft, Geburt und Wochenbett". 	Sahmel, K.-H. (2018): Hochschuldidaktik der Pflege und Gesundheitsfachberufe. Berlin. Springer
INITIATIVE eHealth	Wie hoch ist der Digitalisierungsgrad des Gesundheitswesens in Deutschland auf einer Skala zwischen 0 und 100 Punkten?	39 von 100 Punkten	89 von 100 Punkten	52 von 100 Punkten 	12 von 100 Punkten 	Du bist spitze! Laut dem Bundesministerium für Wirtschaft und Energie ist die deutsche Gesundheitsbranche mit einem Digitalisierungsgrad von 39 Punkten niedrig digitalisiert.  	Diese Antwort ist leider zu schön, um wahr zu sein. Der Digitalisierungsgrad des Gesundheitswesens in Deutschland liegt bei nur 39 Punkten. Da besteht Handlungsbedarf!	Nah dran aber leider nicht ganz richtig. Der Digitalisierungsgrad des Gesundheitswesens in Deutschland liegt bei 39 Punkten. 	Da schätzt du den Digitalisierungsgrad des Gesundheitswesens  aber sehr schlecht ein. Zum Glück haben wir bereits 39 Punkte erreicht. Ich finde da ist noch Luft nach oben!	Zurzeit arbeitet der Forschungsschwerpunkt des GesundheitsCampus "Pro INITIATIVE I-Häls" an einem Methoden-, Wissens- und Werkzeugkasten zum Innovationsmanagement. Ziel ist ein Kennzahlen-System für den systematischen Umgang mit Innovationen der vernetzten Patientenversorgung. 	Bundesministerium für Wirtschaft und Energie(2017):  Gesundheitswesen 2017. Digitalisierungsprofil. Digitale Vernetzung und Kooperationen. In: Monitoring-Report Wirtschaft DIGITAL 2017. S. 4ff. 
GIO	Welche Art medizinischer Fehlbehandlung verursacht die höchste Sterblichkeit? 	Arzneimitteltherapiefehler 	Hygienefehler	Operationsfehler	Fehler im Einsatz von Medizinprodukten 	Richtig! Laut der Monografie „Qualitäts- und Risikomanagement im Gesundheitswesen“ stellen Fehler in der Arzneimitteltherapie die häufigste Todesursache medizinischer Fehlbehandlungen dar.	Hygienefehler gilt es zwar um jeden Preis zu vermeiden, die richtige Antwort wäre aber Arzneimitteltherapiefehler gewesen.	Operationsfehler gilt es zwar um jeden Preis zu vermeiden, die richtige Antwort wäre aber Arzneimitteltherapiefehler gewesen.	Fehler im Einsatz von Medizinprodukten gilt es zwar um jeden Preis zu vermeiden, die richtige Antwort wäre aber Arzneimitteltherapiefehler gewesen.	Im GesundheitsCampus Osnabrück läuft derzeit das Projekt „GIO“, das sich unter anderem mit einer Reflexion der Fehlerkultur im Gesundheitswesen auseinandersetzt und Gestaltungsmöglichkeiten zur Erhöhung der Patientensicherheit in Organisationen entwickelt.	Kuntsche, P. u. Börchers, K. (2017): Qualitäts- und Risikomanagement im Gesundheitswesen. Basis- und integrierte Systeme, Managementsystemübersichten und praktische Umsetzung. Berlin. Springer Gabler 
ROSE	Patienten mit welcher Hauptdiagnose haben das größte Risiko, wiederholt in die Notaufnahme eingeliefert zu werden?	Patienten mit Herzinsuffizienz	Patienten mit psychischen Veränderungen und Verhaltensstörungen durch Alkohol	Patienten mit essentieller (primärer) Hypertonie	Patienten mit Diabetes Mellitus Typ II	Klasse, du bist super! Deine Antwort ist richtig. 	Richtig wäre Patienten mit Herzinsuffizienz gewesen. Lass den Kopf nicht hängen, beim nächsten Mal hast du mehr Glück.	 Richtig wäre Patienten mit Herzinsuffizienz gewesen. Lass den Kopf nicht hängen, beim nächsten Mal hast du mehr Glück.	 Richtig wäre Patienten mit Herzinsuffizienz gewesen. Lass den Kopf nicht hängen, beim nächsten Mal hast du mehr Glück.	Im Projekt ROSE versuchen Hochschule und Universität Osnabrück die medizinische Versorgung im ländlichen Raum sicherzustellen und qualitativ zu verbessern.	Hübner, U.; Esdar, M.; Hüsers, J.; Liebe, J.-D.; Rauch, S.; Thye, J. u. Weiß,  J.-P. (o.J): IT-Report Gesundheitswesen. Hochschule Osnabrück 
ROSE	Wie viel Prozent der Befragten aus dem ländlichen Raum sind der Ansicht, dass in ihrer Gemeinde ein Hausärztemangel vorherrscht? 	23%	11%	71%	51%	Du hast den Dreh raus! Eine repräsentative Befragung in einer Stichprobe von etwa 1.600 Teilnehmern hat ergeben, dass 23% der auf dem Land lebenden Menschen einen Hausarztmangel empfinden. 	Leider liegt die wirkliche Prozentzahl höher als du vermutet hast. Die richtige Antwort wäre 23% gewesen. 	Zum Glück ist deine Antwort zu hoch gegriffen. Die richtige Antwort wäre 23% gewesen. 	Die richtige Antwort liegt mit 23% tiefer als du vermutet hast. Ich hoffe, dass wir die Herausforderung der landärztlichen Versorgung in den Griff bekommen und sich die Situation nicht weiter verschlechtern wird.	Im Projekt ROSE versuchen Hochschule und Universität Osnabrück die medizinische Versorgung im ländlichen Raum sicherzustellen und qualitativ zu verbessern.	Schang, L.; Schüttig, W., Sundmacher, L. (2016): Unterversorgung im ländlichen  Raum – Wahrnehmung der Versicherten und ihre Präferenzen für innovative Versorgungsmodelle. In: Böcken, J.; Braun, B. u. Meierjürgen, R. [Hrsg.]: Gesundheitsmonitor 2016.  Bürgerorientierung im Gesundheitswesen. Kooperationsprojekt der Bertelsmann Stiftung und der BARMER GEK. Verlag Bertelsmann Stiftung. S. 58 - 85   
KeGL	Wie viel Prozent der Pflege- und Therapieberufe sollten nach Empfehlung des Wissenschaftsrates mit einem Bachelorabschluss qualifiziert werden?	 10% bis 20% 	1% bis 10% 	40% bis 50% 	 70% bis 80% 	Entweder bist du klasse im Raten oder ein echter Spezialist. Nach Empfehlung des Wissenschaftsrates sollten 10 bis 20 Prozent der Pflege- und Therapieberufe mit einem Bädschela-Abschluss qualifiziert werden. 	Die Empfehlung des Wissenschaftsrates liegt bei 10 bis 20 Prozent und somit über deiner Vermutung. 	Die Empfehlung des Wissenschaftsrates liegt bei 10 bis 20 Prozent und somit unter deiner Vermutung. 	Die Empfehlung des Wissenschaftsrates liegt bei 10 bis 20 Prozent und somit unter deiner Vermutung. 	Der GesundheitsCampus Osnabrück setzt sich unter dem Stichwort "KeGL"  für die Kompetenzentwicklung von Gesundheitsfachpersonal im Kontext des Lebenslangen Lernens ein.	Meyer, G. (2015): Ein evidenzbasiertes Gesundheitssystem: Die Rolle der Gesundheitsfachberufe. In: Zeitschrift für Evidenz, Fortbildung und Qualität im Gesundheitswesen. Heft 109. S. 378-383
PartiziQ	Was ist das Leistungsmerkmal in Beratungssituationen, das Patienten in der Langzeitpflege am wichtigsten ist?	Beziehungsgestaltung und  Förderung der Handlungsfähigkeit 	Zugang und Erreichbarkeit  	Privatsphäre 	Kostenersparnis 	Super! In einem unserer Projekte wurde festgestellt, dass die Beziehungsgestaltung und  Förderung der Handlungsfähigkeit die wichtigsten Beratungsmerkmale für Menschen in der Langzeitpflege darstellen. 	Zwar sind Zugang und Erreichbarkeit auch bedeutsam, die wichtigsten Beratungsmerkmale stellen jedoch die Beziehungsgestaltung und die Förderung der Handlungsfähigkeit dar. 	Zwar ist die Wahrung der Privatsphäre in Beratungssituationen auch bedeutsam, die wichtigsten Beratungsmerkmale stellen jedoch die Beziehungsgestaltung und die Förderung der Handlungsfähigkeit dar. 	Deine Antwort ist leider falsch. Die richtige Lösung wäre Beziehungsgestaltung und  Förderung der Handlungsfähigkeit gewesen. 	Der GesundheitsCampus Osnabrück möchte mit dem Projekt "Partizipative Qualitätsentwicklung in der Pflegeberatung" Qualitätsstandards für Beratungsstellen in der Pflege entwickeln. 	Englert, N.; Oetting-Roß, C. u. Büscher, A. (2017): Bedarf und Qualität von Beratung in der Langzeitpﬂege. Nutzerperspektive auf Beratungsangebote in Deutschland. In: Zeitschrift für Gerontologie und Geriatrie. Berlin Heidelberg. Springer-Verlag. S. 1 -7  
PosiThera	Welche Einflussfaktoren wirken sich am stärksten auf die Lebensqualität von Menschen mit einer chronischen Wunde aus? 	Schmerzen und Mobilitätseinschränkungen	Soziale Isolation durch Scham und Ekel	Psychische Einschränkungen durch Scham und Ekel	Beeinträchtigung des Schlafs 	Du Quiz-Held! In einem wissenschaftlichen Artikel werden Schmerzen und Mobilitätseinschränkungen als bedeutendste Einflussfaktoren bei Menschen mit chronischen Wunden benannt. 	Die soziale Isolation ist ein wichtiger Betrachtungsfaktor. Den größten Einfluss haben jedoch Schmerzen und Mobilitätseinschränkungen. 	Die psychischen Einschränkungen sind wichtige Betrachtungsfaktoren. Den größten Einfluss haben jedoch Schmerzen und Mobilitätseinschränkungen.	Die Beeinträchtigung des Schlafs ist ein wichtiger Betrachtungsfaktor. Den größten Einfluss haben jedoch Schmerzen und Mobilitätseinschränkungen. 	Der GesundheitsCampus Osnabrück unterstützt das Projekt "PosiThera". Ziel des Projekts ist die Entwicklung eines entscheidungsunterstützenden Systems bei der Versorgung von Patienten mit einer chronischen Wunde. 	Engelhardt, M.; ·Elias, K.; Augustin, M. u. Debus, E.S. (2015): Erfassung der Lebensqualität  bei chronischen Wunden und Gefäßerkrankungen. In: Gefässchirurgie. Band 20. Heft 1. S. 10-17
Dorfgemeinschaft 2.0	Wie viele Menschen in Deutschland waren im Jahr 2016 dazu bereit, mindestens einen Teil der Kosten ihrer präventiven Gesundheitsmaßnahmen und Therapien zu übernehmen?	41%	11%	61%	81%	Habe ich es hier mit einem echten Experten zu tun? Deine Antwort ist richtig. 	Da hast du die Ausgabebereitschaft der deutschen Bevölkerung unterschätzt. Laut statista sind 41% der Bevölkerung in Deutschland bereit, mindestens einen Teil der Kosten für individuelle Versorgungsmaßnahmen zu tragen. 	Da hast du die Ausgabebereitschaft der deutschen Bevölkerung überschätzt. Laut statista sind 41% der Bevölkerung in Deutschland bereit, mindestens einen Teil der Kosten für individuelle Versorgungsmaßnahmen zu tragen. 	Da hast du die Ausgabebereitschaft der deutschen Bevölkerung überschätzt. Laut statista sind 41% der Bevölkerung in Deutschland bereit, mindestens einen Teil der Kosten für individuelle Versorgungsmaßnahmen zu tragen. 	Unser Projekt "Dorfgemeinschaft 2.0" beschäftigt sich mit neuen Versorgungsformen im ländlichen Raum, wie zum Beispiel mobilen Arztpraxen. Angestrebtes Ziel der Dorfgemeinschaft 2.0 ist es, dem demografischen Wandel im ländlichen Raum aktiv zu begegnen. 	statista (2018):Wären Sie bereit, selbst die Kosten für Ihre Prävention bzw. Therapie zu tragen? In: https://de.statista.com/statistik/daten/studie/657023/umfrage/umfrage-zur-bereitschaft-zur-kostenuebernahme-fuer-gesundheits-praevention-therapie/ (Download am 16.05.2018)
Dorfgemeinschaft 2.0	Wie viel teurer sind in Deutschland durchschnittlich die jährlichen Arztkosten der Generation 60+ im Vergleich zu jüngeren Generationen? 	ca. 300€	ca. 1.200€	ca. 120€	ca. 700 €	Deine Antwort ist richtig. Weiter so und du knackst den Heiskohr! 	Da hast du aber ordentlich daneben gelegen. Laut statista sind die jährlichen Arztkosten der Generation 60+ im Vergleich ca. 300€ teurer. 	Deine Antwort liegt leider zu tief. Laut statista sind die jährlichen Arztkosten der Generation 60+ im Vergleich ca. 300€ teurer. Beim nächsten Mal hast du mehr Glück!	 Deine Antwort liegt zu hoch. Laut statista sind die jährlichen Arztkosten der Generation 60+ im Vergleich ca. 300€ teurer. Beim nächsten Mal hast du mehr Glück!	Unser Projekt "Dorfgemeinschaft 2.0" beschäftigt sich mit neuen Versorgungsformen im ländlichen Raum, wie zum Beispiel mobilen Arztpraxen. Angestrebtes Ziel der Dorfgemeinschaft 2.0 ist es, dem demografischen Wandel im ländlichen Raum aktiv zu begegnen. 	statista (2018): Kosten je Arztbesuch in Deutschland nach Altersgruppen im Jahr 2016 (in Euro). In: https://de.statista.com/statistik/daten/studie/660622/umfrage/kosten-je-arztbesuch-in-deutschland-nach-altersgruppen/ (Download am 16.05.2017)
Dorfgemeinschaft 2.0	Wie groß ist das prognostizierte Einsparpotential der Gesundheitskosten pro Kopf durch Digital Health Programme in den USA im Jahr 2020?	ca. 2.600 US $ (ca.2.200€)	ca. 1.200 US $ (ca. 1.000€)	ca. 20.000 US $ (ca. 17.000€)	ca. 100.000 US $ (ca. 85.000€)	Super gelöst. Du bist ein wahrer Quiz-Held!	Mit Digital Health Programmen lässt sich mehr einsparen als du vermutest. Laut statista liegt das Einsparpotenzial pro Kopf durch Digital Health Programme in den USA 2020 bei ca. 2.600 US $. 	Das wäre zu schön, um wahr zu sein. Die richtige Antwort liegt nach statista tiefer, bei ca. 2.600 US $ pro Kopf. 	Das wäre zu schön, um wahr zu sein. Die richtige Antwort liegt nach statista tiefer, bei ca. 2.600 US $ pro Kopf. 	Unser Projekt "Dorfgemeinschaft 2.0" beschäftigt sich mit neuen Versorgungsformen im ländlichen Raum, wie zum Beispiel mobilen Arztpraxen. Angestrebtes Ziel der Dorfgemeinschaft 2.0 ist es, dem demografischen Wandel im ländlichen Raum aktiv zu begegnen. 	statista (2018): Einsparpotential bei den Gesundheitskosten durch Digital Health-Programme in den USA im Jahr 2020 (in US-Dollar pro Kopf). In: https://de.statista.com/statistik/daten/studie/421731/umfrage/einsparpotential-bei-den-gesundheitskosten-durch-digital-health-programme-in-den-usa/ (Download am 16.05.2018)  
Dorfgemeinschaft 2.0	Welches waren die größten vermeidbaren Kosten im deutschen Gesundheitswesen im Jahr 2013?	Mangelnde Therapietreue 	Fehlmedikation 	Verzögerter Therapiebeginn 	Missbräuchlicher Antibiotikaeinsatz	Deine Antwort ist richtig. Laut statista stellt die mangelnde Therapietreue mit 12,9 Milliarden € den größten vermeidbaren Kostenfaktor dar. 	Deine Antwort ist leider nur auf dem 2. Platz. Laut statista stellt die mangelnde Therapietreue mit 12,9 Milliarden € den größten vermeidbaren Kostenfaktor dar. 	Deine Antwort ist leider nur auf dem 3. Platz. Laut statista stellt die mangelnde Therapietreue mit 12,9 Milliarden € den größten vermeidbaren Kostenfaktor dar. 	Deine Antwort ist leider nur auf dem 4. Platz. Laut statista stellt die mangelnde Therapietreue mit 12,9 Milliarden € den größten vermeidbaren Kostenfaktor dar. 	Unser Projekt "Dorfgemeinschaft 2.0" beschäftigt sich mit neuen Versorgungsformen im ländlichen Raum, wie zum Beispiel mobilen Arztpraxen. Angestrebtes Ziel der Dorfgemeinschaft 2.0 ist es, dem demografischen Wandel im ländlichen Raum aktiv zu begegnen. 	statista (2018):Vermeidbare Kosten im deutschen Gesundheitswesen im Jahr 2013 (in Milliarden Euro). In: https://de.statista.com/statistik/daten/studie/283861/umfrage/gesundheitswesen-vermeidbare-kosten-in-deutschland-2013/ (Download am 16.05.2018) 
Dorfgemeinschaft 2.0	Über welche Quelle informieren sich die Deutschen am häufigsten über ihre Gesundheit?	Internet 	Ärzte 	Freunde/Familie/Bekannte 	Apotheker 	Herzlichen Glückwunsch, das war die richtige Antwort.	Ärzte haben den zweiten Platz belegt. Den ersten Platz hat das Internet mit 77,8%. 	Freunde/Familie und Bekannte haben den dritten Platz belegt. Den ersten Platz hat das Internet mit 77,8%. 	Apotheker haben den vierten Platz belegt. Den ersten Platz hat das Internet mit 77,8%. 	Unser Projekt "Dorfgemeinschaft 2.0" beschäftigt sich mit neuen Versorgungsformen im ländlichen Raum, wie zum Beispiel mobilen Arztpraxen. Angestrebtes Ziel der Dorfgemeinschaft 2.0 ist es, dem demografischen Wandel im ländlichen Raum aktiv zu begegnen. 	SPLENDID RESEARCH (2018): Mehrheit der Deutschen nutzt Internet für Gesundheitsinformationen. In: https://www.splendid-research.com/de/statistiken/item/studie-gesundheit-information-quellen-internet.html (Download am 16.05.2018) 
Dorfgemeinschaft 2.0	Welches innovative Versorgungsmodell wird von befragten Patienten der gesetzlichen Krankenversicherung am häufigsten akzeptiert? 	Ambulante Behandlung im Krankenhaus 	Gemeinschaftspraxen 	Delegierung ärztlicher Tätigkeiten an speziell qualifizierte Pflegekräfte 	Kontakt per Telefon, Video oder E-Mail 	Richtige Antwort! Eine repräsentative Befragung in einer Stichprobe von etwa 1.600 Teilnehmern hat ergeben, dass die größte Akzeptanz der Befragten bei der ambulanten Behandlung im Krankenhaus lag. 	In einer repräsentativen Befragung mit einer Stichprobe von etwa 1.600 Teilnehmern lag deine Antwort auf Platz 2. Die richtige Antwort wäre ambulante Behandlung im Krankenhaus gewesen. 	In einer repräsentativen Befragung mit einer Stichprobe von etwa 1.600 Teilnehmern lag deine Antwort auf Platz 3. Die richtige Antwort wäre ambulante Behandlung im Krankenhaus gewesen. 	In einer repräsentativen Befragung mit einer Stichprobe von etwa 1.600 Teilnehmern hat deine Antwort den letzten Platz erreicht. Die richtige Antwort wäre ambulante Behandlung im Krankenhaus gewesen. 	Unser Projekt "Dorfgemeinschaft 2.0" beschäftigt sich mit neuen Versorgungsformen im ländlichen Raum, wie zum Beispiel mobilen Arztpraxen. Angestrebtes Ziel der Dorfgemeinschaft 2.0 ist es, dem demografischen Wandel im ländlichen Raum aktiv zu begegnen. 	Schang, L.; Schüttig, W., Sundmacher, L. (2016): Unterversorgung im ländlichen  Raum – Wahrnehmung der  Versicherten und ihre Präferenzen  für innovative Versorgungsmodelle. In: Böcken, J.; Braun, B. u. Meierjürgen, R. [Hrsg.]: Gesundheitsmonitor 2016.  Bürgerorientierung im Gesundheitswesen. Kooperationsprojekt der Bertelsmann Stiftung und der BARMER GEK. Verlag Bertelsmann Stiftung. S. 58 - 85
Apotheke 2.0	Wie viele Krankenhauseinweisungen werden in Deutschland jährlich durch Medikationsfehler verursacht?	ca. 250.000 	ca. 80.000	ca. 40.000	ca. 1. Millionen 	Gut gemacht, deine Antwort ist richtig! Laut dem Deutschen Ärzteblatt führen vermeidbare Medikationsfehler in Deutschland jährlich zu rund 250.000 Krankenhauseinweisungen. 	Das wäre schön, aber diese Antwort ist zu niedrig. Laut dem Deutschen Ärzteblatt führen vermeidbare Medikationsfehler in Deutschland jährlich zu rund 250.000 Krankenhauseinweisungen. 	Das wäre schön, aber diese Antwort ist zu niedrig. Laut dem Deutschen Ärzteblatt führen vermeidbare Medikationsfehler in Deutschland jährlich zu rund 250.000 Krankenhauseinweisungen. 	Diese Antwort ist Gott sei Dank zu hoch. Laut dem Deutschen Ärzteblatt führen vermeidbare Medikationsfehler in Deutschland jährlich zu rund 250.000 Krankenhauseinweisungen. 	Die Apotheke vor Ort übernimmt eine zentrale Rolle für die regionale Gesundheitsversorgung. Hier am GesundheitsCampus Osnabrück beschäftigt sich eine Forschergruppe der Universität mit der Frage, wie digitale Technologien in Apotheken dafür eingesetzt werden können.	Deutsches Ärzteblatt (2018): Hunderttausende Krankenhauseinweisungen durch Medikationsfehler. In: https://www.aerzteblatt.de/nachrichten/89461/Hunderttausende-Krankenhauseinweisungen-durch-Medikationsfehler (Download am 16.05.2018) 
Apotheke 2.0	Wie viele Apotheken gibt es in Deutschland? 	rund 19.700	rund 8.600	rund 35.600	rund 25.400	Klasse, du bist gut! Laut der Bundesvereinigung deutscher Apothekerverbände gibt es in Deutschland 19.748 Apotheken. 	Diese Zahl ist leider zu gering. Laut der Bundesvereinigung deutscher Apothekerverbände gibt es in Deutschland 19.748 Apotheken. 	Hier liegt deine Vermutung zu hoch. Laut der Bundesvereinigung deutscher Apothekerverbände gibt es in Deutschland 19.748 Apotheken. 	Knapp daneben ist auch vorbei. Laut der Bundesvereinigung deutscher Apothekerverbände gibt es in Deutschland 19.748 Apotheken. 	Die Apotheke vor Ort übernimmt eine zentrale Rolle für die regionale Gesundheitsversorgung. Hier am GesundheitsCampus Osnabrück beschäftigt sich eine Forschergruppe der Universität mit der Frage, wie digitale Technologien in Apotheken dafür eingesetzt werden können.	Bundesvereinigung Deutscher Apothekerverbände e. V. (2018): Apothekenzahl sinkt auf 19.748 und erreicht tiefsten Stand seit 1987. In: https://www.abda.de/pressemitteilung/apothekenzahl-sinkt-auf-19748-und-erreicht-tiefsten-stand-seit-1987/ (Download am 16.05.2018)  
Apotheke 2.0	Wie viele zugelassene Arzneimittel gibt es in Deutschland? 	rund 102.000	rund 8.600	rund 250.000	rund 53.000	Klasse, du bist gut! Laut der Bundesvereinigung deutscher Apothekerverbände sind in Deutschland 101.848 Arzneimittel zugelassen. 	Da liegst du aber ordentlich daneben! Laut der Bundesvereinigung deutscher Apothekerverbände sind in Deutschland 101.848 Arzneimittel zugelassen. 	Diese Antwort ist viel zu hoch. Laut der Bundesvereinigung deutscher Apothekerverbände sind in Deutschland 101.848 Arzneimittel zugelassen. 	Deine Antwort ist zu niedrig. Laut der Bundesvereinigung deutscher Apothekerverbände sind in Deutschland 101.848 Arzneimittel zugelassen. 	Die Apotheke vor Ort übernimmt eine zentrale Rolle für die regionale Gesundheitsversorgung. Hier am GesundheitsCampus Osnabrück beschäftigt sich eine Forschergruppe der Universität mit der Frage, wie digitale Technologien in Apotheken dafür eingesetzt werden können.	Bundesvereinigung Deutscher Apothekerverbände e. V. (2017): DIE APOTHEKE. Zahlen. Daten. Fakten. 2017. S. 5 
Apotheke 2.0	Wie viele Patienten werden täglich durch deutsche Apotheken versorgt?	etwa 3,6 Millionen 	etwa 1 Millionen 	etwa 5 Millionen 	etwa 500.000	Herzlichen Glückwunsch, deine Antwort ist richtig. Laut der Bundesvereinigung deutscher Apothekerverbände werden täglich etwa 3,6 Millionen Patienten durch deutsche Apotheken versorgt. 	Deine Vermutung liegt zu tief. Laut der Bundesvereinigung deutscher Apothekerverbände werden täglich etwa 3,6 Millionen Patienten durch deutsche Apotheken versorgt. 	Deine Vermutung liegt zu hoch. Laut der Bundesvereinigung deutscher Apothekerverbände werden täglich etwa 3,6 Millionen Patienten durch deutsche Apotheken versorgt.	Deine Vermutung liegt zu tief. Laut der Bundesvereinigung deutscher Apothekerverbände werden täglich etwa 3,6 Millionen Patienten durch deutsche Apotheken versorgt.	Die Apotheke vor Ort übernimmt eine zentrale Rolle für die regionale Gesundheitsversorgung. Hier am GesundheitsCampus Osnabrück beschäftigt sich eine Forschergruppe der Universität mit der Frage, wie digitale Technologien in Apotheken dafür eingesetzt werden können.	Bundesvereinigung Deutscher Apothekerverbände e. V. (2017): DIE APOTHEKE. Zahlen. Daten. Fakten. 2017. S. 5 
Apotheke 2.0	Wie viele Patientenkontakte haben Apotheken in Deutschland pro Jahr?	1 Milliarde 	500 Millionen 	750 Millionen 	1,5 Milliarden 	Du hast den Dreh raus! Laut der Bundesvereinigung deutscher Apothekerverbände haben Apotheken im Jahr 1 Milliarde Patientenkontakte. 	Diese Antwort ist leider zu niedrig. Laut der Bundesvereinigung deutscher Apothekerverbände haben Apotheken im Jahr 1 Milliarde Patientenkontakte. 	Diese Antwort ist leider zu niedrig. Laut der Bundesvereinigung deutscher Apothekerverbände haben Apotheken im Jahr 1 Milliarde Patientenkontakte. 	Diese Antwort ist zu hoch. Laut der Bundesvereinigung deutscher Apothekerverbände haben Apotheken im Jahr 1 Milliarde Patientenkontakte. 	Die Apotheke vor Ort übernimmt eine zentrale Rolle für die regionale Gesundheitsversorgung. Hier am GesundheitsCampus Osnabrück beschäftigt sich eine Forschergruppe der Universität mit der Frage, wie digitale Technologien in Apotheken dafür eingesetzt werden können.	Bundesvereinigung Deutscher Apothekerverbände e. V. (2017): DIE APOTHEKE. Zahlen. Daten. Fakten. 2017. S. 5 
Apotheke 2.0	Wie viele Botendienste werden täglich von deutschen Apotheken durchgeführt?	250.000	120.000	80.000	500.000	Juhu, deine Antwort ist richtig. Laut der Broschüre: "Die Apotheke. Zahlen. Daten. Fakten. 2017" führen deutsche Apotheken täglich 250.000 Botendienste durch. 	Die richtige Antwort liegt höher. Laut der Broschüre: "Die Apotheke. Zahlen. Daten. Fakten. 2017" führen deutsche Apotheken täglich 250.000 Botendienste durch. 	Die richtige Antwort liegt höher. Laut der Broschüre: "Die Apotheke. Zahlen. Daten. Fakten. 2017" führen deutsche Apotheken täglich 250.000 Botendienste durch. 	Die richtige Antwort liegt niedriger. Laut der Broschüre: "Die Apotheke. Zahlen. Daten. Fakten. 2017" führen deutsche Apotheken täglich 250.000 Botendienste durch. 	Die Apotheke vor Ort übernimmt eine zentrale Rolle für die regionale Gesundheitsversorgung. Hier am GesundheitsCampus Osnabrück beschäftigt sich eine Forschergruppe der Universität mit der Frage, wie digitale Technologien in Apotheken dafür eingesetzt werden können.	Bundesvereinigung Deutscher Apothekerverbände e. V. (2017): DIE APOTHEKE. Zahlen. Daten. Fakten. 2017. S. 5 
Apotheke 2.0	Wie viel Prozent aller deutschen Patienten nehmen regelmäßig drei oder mehr Arzneimittel?	88%	22%	45%	10%	Du bist spitze! Laut der Broschüre: "Die Apotheke. Zahlen-Daten-Fakten 2017" nehmen 88% aller deutschen Patienten regelmäßig drei oder mehr Arzneimittel. 	Mit dieser Vermutung hast du leider zu tief gegriffen. Laut der Broschüre: "Die Apotheke. Zahlen-Daten-Fakten 2017" nehmen 88% aller deutschen Patienten regelmäßig drei oder mehr Arzneimittel. 	Mit dieser Vermutung hast du leider zu tief gegriffen. Laut der Broschüre: "Die Apotheke. Zahlen-Daten-Fakten 2017" nehmen 88% aller deutschen Patienten regelmäßig drei oder mehr Arzneimittel. 	Mit dieser Vermutung hast du leider zu tief gegriffen. Laut der Broschüre: "Die Apotheke. Zahlen-Daten-Fakten 2017" nehmen 88% aller deutschen Patienten regelmäßig drei oder mehr Arzneimittel. 	Die Apotheke vor Ort übernimmt eine zentrale Rolle für die regionale Gesundheitsversorgung. Hier am GesundheitsCampus Osnabrück beschäftigt sich eine Forschergruppe der Universität mit der Frage, wie digitale Technologien in Apotheken dafür eingesetzt werden können.	Bundesvereinigung Deutscher Apothekerverbände e. V. (2017): DIE APOTHEKE. Zahlen. Daten. Fakten. 2017. S. 5 
Apotheke 2.0	Wie viele Apotheken haben deutschlandweit gleichzeitig Nacht- und Notdienst?	1.300	500	2.100	850	Cool, deine Antwort ist richtig. Nach Aussage der Bundesvereinigung deutscher Apothekerverbände haben deutschlandweit gleichzeitig 1.300 Apotheken Nacht- und Notdienst. 	Diese Antwort ist zu niedrig. Nach Aussage der Bundesvereinigung deutscher Apothekerverbände haben deutschlandweit gleichzeitig 1.300 Apotheken Nacht- und Notdienst. 	Diese Antwort ist zu hoch. Nach Aussage der Bundesvereinigung deutscher Apothekerverbände haben deutschlandweit gleichzeitig 1.300 Apotheken Nacht- und Notdienst. 	Diese Antwort ist zu niedrig. Nach Aussage der Bundesvereinigung deutscher Apothekerverbände haben deutschlandweit gleichzeitig 1.300 Apotheken Nacht- und Notdienst. 	Die Apotheke vor Ort übernimmt eine zentrale Rolle für die regionale Gesundheitsversorgung. Hier am GesundheitsCampus Osnabrück beschäftigt sich eine Forschergruppe der Universität mit der Frage, wie digitale Technologien in Apotheken dafür eingesetzt werden können.	Bundesvereinigung Deutscher Apothekerverbände e. V. (2017): DIE APOTHEKE. Zahlen. Daten. Fakten. 2017. S. 6
Apotheke 2.0	Ist die Apothekendichte in Deutschland über oder unter dem EU- Schnitt?	Deutschland liegt mit 24 Apotheken/ 100.000 Einwohner unter dem EU Schnitt 	Deutschland liegt mit 24 Apotheken/ 100.000 Einwohner über dem EU Schnitt 	Deutschland liegt mit 24 Apotheken/ 100.000 Einwohners im EU Schnitt	Das lässt sich nicht beantworten. Die Apothekenkultur der verschiedenen Länder unterscheidet sich zu sehr	Deine Antwort ist richtig. Nach Aussage der Bundesvereinigung deutscher Apothekerverbände liegt Deutschland mit 24 Apotheken pro 100.000 Einwohner unter dem EU Schnitt von 31 Apotheken. 	Falsch gedacht. Nach Aussage der Bundesvereinigung deutscher Apothekerverbände liegt Deutschland mit 24 Apotheken pro 100.000 Einwohner unter dem EU Schnitt von 31 Apotheken. 	Leider falsch! Nach Aussage der Bundesvereinigung deutscher Apothekerverbände liegt Deutschland mit 24 Apotheken pro 100.000 Einwohner unter dem EU Schnitt von 31 Apotheken. 	Falsch gedacht. Es ist möglich einen Vergleich anzustellen. Nach Aussage der Bundesvereinigung deutscher Apothekerverbände liegt Deutschland mit 24 Apotheken pro 100.000 Einwohner unter dem EU Schnitt von 31 Apotheken. 	Die Apotheke vor Ort übernimmt eine zentrale Rolle für die regionale Gesundheitsversorgung. Hier am GesundheitsCampus Osnabrück beschäftigt sich eine Forschergruppe der Universität mit der Frage, wie digitale Technologien in Apotheken dafür eingesetzt werden können.	Bundesvereinigung Deutscher Apothekerverbände e. V. (2017): DIE APOTHEKE. Zahlen. Daten. Fakten. 2017.
Apotheke 2.0	Wie hat sich der durchschnittliche Arzneimittelpreis in Deutschland seit 2004 entwickelt?	Er ist um 12,9% gesunken	Er ist um 8,5% gestiegen 	Er ist um 25% gesunken	Er ist um 12,9% gestiegen	Richtig geantwortet. Laut der Broschüre: "Die Apotheke. Zahlen-Daten-Fakten 2017" ist der durchschnittliche Arzneimittelpreis seit 2004 um 12,9% gesunken. 	Deine Antwort ist leider falsch. Laut der Broschüre: "Die Apotheke. Zahlen-Daten-Fakten 2017" ist der durchschnittliche Arzneimittelpreis seit 2004 um 12,9% gesunken. 	Deine Antwort ist leider falsch. Laut der Broschüre: "Die Apotheke. Zahlen-Daten-Fakten 2017" ist der durchschnittliche Arzneimittelpreis seit 2004 um 12,9% gesunken. 	Deine Antwort ist leider falsch. Laut der Broschüre: "Die Apotheke. Zahlen-Daten-Fakten 2017" ist der durchschnittliche Arzneimittelpreis seit 2004 um 12,9% gesunken. 	Die Apotheke vor Ort übernimmt eine zentrale Rolle für die regionale Gesundheitsversorgung. Hier am GesundheitsCampus Osnabrück beschäftigt sich eine Forschergruppe der Universität mit der Frage, wie digitale Technologien in Apotheken dafür eingesetzt werden können.	Bundesvereinigung Deutscher Apothekerverbände e. V. (2017): DIE APOTHEKE. Zahlen. Daten. Fakten. 2017. S. 25
GEva-ISI	Welchen Zustand beschreibt die Begrifflichkeit: Doppelte Informationsasymmetrie? 	Informationsmangel sowohl vom Arzt, als auch vom Patienten 	Informationsmangel vom Arzt gegenüber dem Patienten 	Informationsmangel vom Patienten gegenüber dem Arzt	Aufhebung des Informationsmangels durch neue Technologie 	Ich glaube hier weiß jemand wovon er redet! Deine Antwort ist richtig. 	Deine Antwort ist leider falsch. Die richtige Antwort wäre Informationsmangel sowohl vom Arzt, als auch vom Patienten gewesen. 	Deine Antwort ist leider falsch. Die richtige Antwort wäre Informationsmangel sowohl vom Arzt, als auch vom Patienten gewesen. 	Deine Antwort ist leider falsch. Die richtige Antwort wäre Informationsmangel sowohl vom Arzt, als auch vom Patienten gewesen. 	In dem Projekt geht es um die wissenschaftliche Untersuchung und Nutzenbewertung von Gesundheitsterminals in Apotheken, Krankenhäusern und Medizinischen Versorgungszentren. 	Schäfer, C. (2017): Patientencompliance. Adhärenz als Schlüssel für den Therapieerfolg im Versorgungsalltag. 2. Auflage. Mannheim. Springer Gabler
TiP.De	Schätze doch Mal: Wie viele Menschen werden voraussichtlich im Jahr 2050 in Deutschland an einer Demenz-Erkrankung leiden?	bis zu 3 Millionen Menschen	unter 200.000 Menschen	mindestens 5 Millionen Menschen	ca. 1,5 Millionen Menschen	Eine Punktlandung! Schätzungsweise werden im Jahr 2050 bis zu 3 Millionen Menschen in Deutschland an einer Demenz-Erkrankung leiden, damit wird sich die Anzahl der Erkrankten verdoppeln.	Diese Antwort würde mir auch besser gefallen.Tatsächlich wird geschätzt, dass im Jahr 2050 bis zu 3 Millionen Menschen in Deutschland an einer Demenz-Erkrankung leiden werden. 	Puh, das ist zu hoch! Es werden schätzungsweise bis zu 3 Millionen Menschen im Jahr 2050 in Deutschland an einer Demenz-Erkrankung leiden, damit wird sich die Anzahl der Erkrankten verdoppeln.  	Leider ist das die falsche Antwort. Es werden schätzungsweise bis zu 3 Millionen Menschen im Jahr 2050 in Deutschland an einer Demenz-Erkrankung leiden, damit wird sich die  Anzahl der Erkrankten verdoppeln.  	Das Projekt TIP.DE. entwickelt theaterpädagogische Konzepte, die in die Pflege von Patienten mit Demenz eingebunden werden sollen.	Seeling, S.; Cordes, F.; Höhn, J. (2017):Theater in der Pflege von Menschen mit Demenz . Kurzbeschreibung. In: https://www.hs-osnabrueck.de/fileadmin/HSOS/Homepages/TiP.De/Kurzbeschreibung_TiP.De.pdf (Download am 16.05.2018)  
Die Pflege der Dinge 	Die Pflege von Menschen ist ein wichtiges Thema. Was glaubst du, wie viele Untersuchungen in Deutschland über die Bedeutung von Gegenständen in der Pflege gibt es wohl?	Keine Untersuchungen	über 100 verschiedene Untersuchungen	über 10 verschiedene Untersuchungen	über 500 verschiedene Untersuchungen 	Du liegst richtig - leider. Bisher existieren keine Untersuchungen in Deutschland über die Bedeutung von Gegenständen in der Pflege. Hier klafft eine große Wissenslücke.	Das wäre schön, aber leider liegt die wirkliche Anzahl bei null Untersuchungen. Hier klafft eine große Wissenslücke.	Das ist schon wenig, aber in Wirklichkeit sind es noch weniger. Bisher existieren tatsächlich keine Untersuchungen in Deutschland über die Bedeutung von Gegenständen in der Pflege.	Dann wären wir ja richtige Experten! Leider haben wir noch einen weiten Weg vor uns, denn bisher existieren keine Untersuchungen in Deutschland über die Bedeutung von Gegenständen in der Pflege. 	Der GesundheitsCampus Osnabrück beteiligt sich an dem Projekt "Die Pflege der Dinge", bei dem das Ziel verfolgt wird, die Objekte der Pflege sichtbar zu machen und ihre Bedeutung zu erforschen.	Universität Osnabrück, Institut für GesundheitsForschung und Bildung (Hrsg.): Die Pflege der Dinge – Die Bedeutung von Objekten in Geschichte und gegenwärtiger Praxis der Pflege. Hintergrund. In: https://www.igb.uni-osnabrueck.de/abteilungen/pflegewissenschaft/forschungsfelder/geschichte_theorie_und_ethik/dinge_der_pflege.html (Zugriff am 15.05.2018)
ARinFLEX 	Du hast es bestimmt schon einmal gehört: Augmented Reality! Aber kannst du mir auch beantworten, was Augmented Reality eigentlich bedeutet?	Augmented Reality stellt eine Technologie zur intelligenten Erweiterung der menschlichen Realitätswahrnehmung dar.	Augmented Reality stellt eine Technologie zur intelligenten Reduktion der menschlichen Realitätswahrnehmung dar.	Augmented Reality stellt eine Technologie zur Verbesserung der menschlichen Sehkraft dar.	Augmented Reality ist ein Assistenzsystem, welches ausschließlich in modernen Autos verbaut wird.	Du bist ein Technikexperte, deine Antwort ist korrekt.	Deine Antwort ist leider falsch. Ogmented Riäliti ist eine Technologie zur Erweiterung der Realitätswahrnehmung, indem visuelle, auditive und haptische Informationen überlagert werden.	Deine Antwort ist leider falsch. Ogmented Riäliti ist eine Technologie zur Erweiterung der Realitätswahrnehmung, indem visuelle, auditive und haptische Informationen überlagert werden.	Deine Antwort ist leider falsch.Ogmented Riäliti ist eine Technologie zur Erweiterung der Realitätswahrnehmung, indem visuelle, auditive und haptische Informationen überlagert werden.	Auch der GesundheitsCampus Osnabrück beschäftigt sich mit dem präsenten Thema Augmented Reality. In dem Projekt ARinFLEX wird der Frage nachgegangen, wie der Gesundheits- und Krankenpflegeprozess durch Ogmented Riäliti unterstützt werden kann.	ARinFLEX (o.J.): Augmented Reality. In: http://vmkrcmar77.informatik.tu-muenchen.de/wordpress/?page_id=16 (Zugriff am 14.05.2018)
StanDerm	Was vermutest du -wie viel Prozent aller Berufserkrankungen in Europa sind Hauterkrankungen?	ca. 40%	weniger als 10%	weniger als 2%	mehr als 60%	Nicht schlecht, du bist ein richtiger Könner. Tatsächlich machen Hautkrankheiten ca. 40 % aller Berufskrankheiten in Europa aus. 	Leider falsch! Du hast die Häufigkeit von berufsbedingten Hautkrankheiten unterschätzt. Tatsächlich machen Hautkrankheiten ca. 40% aller Berufskrankheiten in Europa aus.	Leider falsch! Du hast die Häufigkeit von berufsbedingten Hautkrankheiten unterschätzt. Tatsächlich machen Hautkrankheiten ca. 40% aller Berufskrankheiten in Europa aus.	Über 60%, das ist hoch - zu hoch. Tatsächlich machen Hautkrankheiten ca. 40% aller Berufskrankheiten in Europa aus. 	Der GesundheitsCampus Osnabrück unterstützt das Projekt "StandDerm" mit dem Ziel, europäische Standards für die Bekämpfung berufsbedingter Hautkrankheiten zu entwickeln und so dem beschriebenen Problem entgegenzuwirken.	STANDERM (o.J.): Common European standards on occupational skin disease prevention and patient management  COST Action TD1206. In: http://www.standerm.eu/no_cache/standerm.html (Zugriff am 14.05.2018)
GrundGesund 	In welchem Alter ist die Empfänglichkeit für das Erlernen von gesundheits- und krankheitsbezogenen Einstellungen und Verhaltensansätzen besonders hoch?	Im Grundschulalter	Im Erwachsenenalter	Im Rentenalter	Im Kleinkindalter	Super, du hast die richtige Antwort gewählt! Experten sagen, dass die Empfänglichkeit insbesondere im Grundschulalter hoch ist. Ganz nach dem Motto "früh übt sich, wer ein Meister werden will".	Man lernt nie aus, auch nicht im Erwachsenenalter. Experten sagen allerdings, dass die Empfänglichkeit insbesondere im Grundschulalter hoch ist. Deine Antwort ist damit leider falsch.	Man lernt nie aus, auch nicht im Rentenalter. Experten sagen allerdings, dass die Empfänglichkeit insbesondere im Grundschulalter hoch ist. Deine Antwort ist damit leider falsch.	Der Spruch lautet zwar "früh übt sich, wer ein Meister werden will", aber du hast leider zu viel erwartet. Experten sagen nämlich, dass die Empfänglichkeit insbesondere im Grundschulalter hoch ist.	Diese Erkenntnis wurde zum Anlass genommen, um Konzepte für die  Förderung der Gesundheit von Kindern im Grundschulalter sowie der schulischen Gesundheitsförderung zu entwickeln.	Bundeszentrale für gesundheitliche Aufklärung (2013): Prävention und Gesundheitsförderung in Deutschland. In: https://www.fruehehilfen.de/fileadmin/user_upload/fruehehilfen.de/pdf/Publikation_BZgA_Sonderheft_01_Praevention_und_Gesundheitsfoerderung_in_Deutschland.pdf (Zugriff am 16.05.2018) 
 MusikPhysioAnalysis	Wie viele professionelle Orchestermusiker leiden in Deutschland an spürbaren körperlichen Beschwerden bei der Arbeit?	Jeder zweite professionelle Orchesterspieler	Jeder professionelle Orchesterspieler	Jeder fünfte  professionelle Orchesterspieler	Jeder zehnte professionelle Orchesterspieler	Gratuliere, deine Antwort ist korrekt! Aus einer Studie geht hervor, dass tatsächlich jeder zweite professionelle Orchesterspieler in Deutschland an spürbaren körperlichen Beschwerden bei der Arbeit leidet.	Puh, diese Antwort ist falsch. Aus einer Studie geht hervor, dass tatsächlich jeder zweite professionelle Orchesterspieler in Deutschland an spürbaren körperlichen Beschwerden bei der Arbeit leidet.	Deine Antwort ist leider falsch. Aus einer Studie geht hervor, dass tatsächlich jeder zweite professionelle Orchesterspieler in Deutschland an spürbaren körperlichen Beschwerden bei der Arbeit leidet.	Deine Antwort ist leider falsch. Aus einer Studie geht hervor, dass tatsächlich jeder zweite professionelle Orchesterspieler in Deutschland an spürbaren körperlichen Beschwerden bei der Arbeit leidet.	In dem Projekt "MusikPhysioAnalysis" wird eine grundlegende Bewegungsanalyse von verschiedenen Musikern durchgeführt, um eine effektive physiotherapeutische Strategie zur Behandlung zu entwickeln, die den musikerassoziierten Erkrankungen entgegenwirken soll. 	Gembris, H. u. Heye, A. (2012): Älter werden im Orchester. Eine empirische Studie zu Erfahrungen, Einstellungen, Performanz und Lebensperspektiven von professionellen Orchestermusikern. In: https://www.dov.org/system/files/2017-12/2012-04-17_Gembris_und_Heye_Aelter_werden_im_Orchester.pdf (Zugriff am 16.05.2018)
IT-Report 	Wie viele Krankenhäuser in Deutschland haben ein elektronisches Pflegedokumentationssystem krankenhausweit umgesetzt?	22%	72%	35%	5%	Deine Antwort ist richtig, du bist super!	Das wäre schön, aber so fortschrittlich sind die deutschen Krankenhäuser noch nicht. Die richtige Antwort wäre laut EiTie-Report 22% gewesen. 	Knapp daneben ist auch vorbei. Die richtige Antwort wäre laut EiTie-Report 22% gewesen. Hoffentlich verbessert sich die Situation in den deutschen Krankenhäusern bald. 	Da schätzt du die Digitalisierung in deutschen Krankenhäusern aber schlechter ein, als sie ist. Die richtige Antwort wäre laut EiTie-Report 22% gewesen. 	Der EiTie-Report Gesundheitswesen stellt eine regelmäßig durchgeführte Befragung von leitenden Personen in Krankenhäusern  dar. Er informiert Einrichtungen des Gesundheitswesens, der Wissenschaft, der EiTie-Industrie und der Politik über den aktuellen Stand der Nutzung von spezifischen Systemen und gibt eine Trendprognose für die kommenden Jahre.	Hübner, U.; Esdar, M.; Hüsers, J.; Liebe, J.-D.; Rauch, S.; Thye, J. u. Weiß,  J.-P. (o.J.): IT-Report Gesundheitswesen. Hochschule Osnabrück 
IT-Report 	Wie viele deutsche Krankenhäuser haben eine krankenhausweite WLAN-Abdeckung?	40%	65%	20%	80%	Richtig gewählt, ich bin beeindruckt. 	Leider ist diese Antwort falsch. Laut EiTie-Report haben gerade einmal 40% der deutschen Krankenhäuser WLAN. Die Verbesserung des WLANs in deutschen Krankenhäusern würde auch mir einen großen Nutzen bringen. 	Diese Antwort ist zu niedrig und somit falsch. Laut EiTie-Report haben 40% der deutschen Krankenhäuser WLAN. 	Leider ist diese Antwort falsch. Laut EiTie-Report haben gerade einmal 40% der deutschen Krankenhäuser WLAN. Die Verbesserung des WLANs in deutschen Krankenhäusern würde auch mir einen großen Nutzen bringen. 	Der EiTie-Report Gesundheitswesen stellt eine regelmäßig durchgeführte Befragung von leitenden Personen in Krankenhäusern  dar. Er informiert Einrichtungen des Gesundheitswesens, der Wissenschaft, der EiTie-Industrie und der Politik über den aktuellen Stand der Nutzung von spezifischen Systemen und gibt eine Trendprognose für die kommenden Jahre.	Hübner, U.; Esdar, M.; Hüsers, J.; Liebe, J.-D.; Rauch, S.; Thye, J. u. Weiß,  J.-P. (o.J.): IT-Report Gesundheitswesen. Hochschule Osnabrück 
IT-Report 	Woran scheitern IT-Projekte zumeist aus Sicht von IT-Leitern?	Das Kerngeschäft nimmt zu viel Zeit in Anspruch	Widerstände der Anwender	Schlechte Nutzbarkeit der Anwendungen	Es gibt keine Projektideen 	Hätte ich einen Hut auf, dann würde ich ihn ziehen. Wahnsinn, deine Antwort ist richtig. 	Diese Antwort ist nicht richtig. Laut EiTie-Report scheitern Projekte aus Sicht der EiTie-Leiter, weil die Kerngeschäfte zu viel Zeit in Anspruch nehmen. 	Diese Antwort ist nicht richtig. Laut EiTie-Report scheitern Projekte aus Sicht der EiTie-Leiter, weil die Kerngeschäfte zu viel Zeit in Anspruch nehmen. 	Diese Antwort ist nicht richtig. Laut EiTie-Report scheitern Projekte aus Sicht der EiTie-Leiter, weil die Kerngeschäfte zu viel Zeit in Anspruch nehmen. 	Der EiTie-Report Gesundheitswesen stellt eine regelmäßig durchgeführte Befragung von leitenden Personen in Krankenhäusern  dar. Er informiert Einrichtungen des Gesundheitswesens, der Wissenschaft, der EiTie-Industrie und der Politik über den aktuellen Stand der Nutzung von spezifischen Systemen und gibt eine Trendprognose für die kommenden Jahre.	Hübner, U.; Esdar, M.; Hüsers, J.; Liebe, J.-D.; Rauch, S.; Thye, J. u. Weiß,  J.-P. (o.J.): IT-Report Gesundheitswesen. Hochschule Osnabrück 
IT-Report 	Wie viele Krankenhäuser stellen Arztbriefe nicht elektronisch für niedergelassene Ärzte zur Verfügung?	82%	71%	48%	20%	Ich bin begeistert, deine Antwort ist richtig! 	Leider liegt die richtige Antwort nach Aussage des EiTie-Reports noch höher und zwar bei 82%. 	Leider liegt die richtige Antwort nach Aussage des EiTie-Reports noch höher und zwar bei 82%. 	Leider liegt die richtige Antwort nach Aussage des EiTie-Reports noch höher und zwar bei 82%. 	Der EiTie-Report Gesundheitswesen stellt eine regelmäßig durchgeführte Befragung von leitenden Personen in Krankenhäusern  dar. Er informiert Einrichtungen des Gesundheitswesens, der Wissenschaft, der EiTie-Industrie und der Politik über den aktuellen Stand der Nutzung von spezifischen Systemen und gibt eine Trendprognose für die kommenden Jahre.	Hübner, U.; Esdar, M.; Hüsers, J.; Liebe, J.-D.; Rauch, S.; Thye, J. u. Weiß,  J.-P. (o.J.): IT-Report Gesundheitswesen. Hochschule Osnabrück 
	Welches ist die häufigste berufliche Krebserkrankung?	Hautkrebs 	Lungenkrebs	Magenkrebs 	Darmkrebs 	Super gemacht, ich bin beeindruckt! Mit einem Anteil von etwa 10% und 8.729 Erkrankten, im Jahr 2017, ist Hautkrebs die dritthäufigste gemeldete Berufskrankheit. Mach weiter so! 	Leider hast du die falsche Antwort gewählt, denn richtig wäre Hautkrebs gewesen. Mit einem Anteil von etwa 10% und 8.729 Erkrankten, im Jahr 2017, ist Hautkrebs die dritthäufigste gemeldete Berufskrankheit. 	Leider hast du die falsche Antwort gewählt, denn richtig wäre Hautkrebs gewesen. Mit einem Anteil von etwa 10% und 8.729 Erkrankten, im Jahr 2017, ist Hautkrebs die dritthäufigste gemeldete Berufskrankheit. 	Leider hast du die falsche Antwort gewählt, denn richtig wäre Hautkrebs gewesen. Mit einem Anteil von etwa 10% und 8.729 Erkrankten, im Jahr 2017, ist Hautkrebs die dritthäufigste gemeldete Berufskrankheit. 		
	Wie viele Menschen sterben in deutschen Krankenhäusern jährlich an Infektionen durch Hospitalkeime, die sie erst im Krankenhaus erwerben?	ca. 10.000	ca. 5.000	ca. 2.500	ca. 20.000	Sehr gute Entscheidung! Jährlich sterben etwa 10.000 Menschen an im Krankenhaus erworbenen nosokomialen Infektionen. Besonders gefährdet sind ältere Menschen und Personen mit eingeschränktem Immunsytsem. 	Daneben! Die richtige Antwort hätte über deiner Vermutung gelegen und wäre 10.000 gewesen. 	Daneben! Die richtige Antwort hätte über deiner Vermutung gelegen und wäre 10.000 gewesen. 	Daneben! Die richtige Antwort hätte unter deiner Vermutung gelegen und wäre 10.000 gewesen. 		
	Welches ist ein besonderer Risikofaktor für die Infektion von Krankenhauspersonal mit multiresistenten Hospitalkeimen? 	Ein vorbestehendes Handekzem 	Eine erhöhte Stressbelastung 	Eine genetische Prädisposition 	Ein ungesunder Lebensstil 	Richtig! Und das Problem ist, dass die Häufigkeit von Handekzemen bei Beschäftigten im Gesundheitswesen derzeit zwischen 15 und 20% liegt. Ursache ist zum Beispiel die Hautbelastung durch langes Handschuhe tragen. 	Schade, das war leider nicht richtig. Die richtige Lösung wäre Handekzem gewesen. Lass den Kopf nicht hängen und versuche es erneut. 	Schade, das war leider nicht richtig. Die richtige Lösung wäre Handekzem gewesen. Lass den Kopf nicht hängen und versuche es erneut. 	Schade, das war leider nicht richtig. Die richtige Lösung wäre Handekzem gewesen. Lass den Kopf nicht hängen und versuche es erneut. 		
BGM in der Pflege	Wie hoch ist der Mangel an vollzeitäquivalenten Pflegekräften bis 2030, wenn keine Gegenmaßnahmen ergriffen werden?	Etwa 500.000 Stellen 	Zwischen 10.000 und 20.000 Stellen	Zwischen 100.000 und 200.000 Stellen 	Etwa 700.000 Stellen	Super entschieden. Laut Pflegereport der Bertelsmann Stiftung werden im Jahr 2030 fast 500.000 Vollzeitkräfte in der Pflege fehlen, wenn sich die gegenwärtigen Trends fortsetzen. Hier besteht Handlungsbedarf. 	Mit deiner Antwort liegst du leider zu tief. Laut Pflegereport der Bertelsmann Stiftung werden im Jahr 2030 fast 500.000 Vollzeitkräfte in der Pflege fehlen. Hier besteht Handlungsbedarf.   	Mit deiner Antwort liegst du leider zu tief. Laut Pflegereport der Bertelsmann Stiftung werden im Jahr 2030 fast 500.000 Vollzeitkräfte in der Pflege fehlen. Hier besteht Handlungsbedarf.   	Mit deiner Antwort liegst du zum Glück zu hoch. Laut Pflegereport der Bertelsmann Stiftung werden im Jahr 2030 fast 500.000 Vollzeitkräfte in der Pflege fehlen. Hier besteht Handlungsbedarf.   	Das Betriebliche Gesundheitsmanagement in der Pflege stärkt die Gesundheit der Pflegekräfte, um nachhaltig die Pflegebranche in der Region zu unterstützen. Ziel ist die Entwicklung eines Handlungsleitfadens für ambulanten Pflegeeinrichtungen und Krankenhäuser sowie die Begleitung der Einrichtungen bei der Einführung von Präventionsmaßnahmen.	Bertelsmann Stiftung (2018): Die Versorgungslücke in der Pflege wächst. In: https://www.bertelsmann-stiftung.de/de/unsere-projekte/pflege-vor-ort/projektthemen/pflegereport-2030/ (Download am 24.05.2018)
BGM in der Pflege	Wie war das Versorgungsverhältnis zwischen ambulanter Pflege und Angehörigenpflege im Jahr 2015?	1/3 zu 2/3	1/2 zu 1/2	2/3 zu 1/3	3/4 zu 1/4	Du scheinst mir ein Fachexperte auf diesem Gebiet zu sein. Deine Antwort ist richtig. 	Die Versorgung von pflegebedürftigen Menschen durch ihre Angehörigen ist höher, als du vermutest. Tatsächlich werden zwei Drittel der Pflegebedürftigen durch Angehörige und ein Drittel durch die ambulante Pflege versorgt.	Die Versorgung von pflegebedürftigen Menschen durch ihre Angehörigen ist höher, als du vermutest. Tatsächlich werden zwei Drittel der Pflegebedürftigen durch Angehörige und ein Drittel durch die ambulante Pflege versorgt.	Die Versorgung von pflegebedürftigen Menschen durch den ambulanten Pflegedienst liegt unter deiner Vermutung. Tatsächlich werden zwei Drittel der Pflegebedürftigen durch Angehörige und ein Drittel durch die ambulante Pflege versorgt.	Das Betriebliche Gesundheitsmanagement in der Pflege stärkt die Gesundheit der Pflegekräfte, um nachhaltig die Pflegebranche in der Region zu unterstützen. Ziel ist die Entwicklung eines Handlungsleitfadens für ambulanten Pflegeeinrichtungen und Krankenhäuser sowie die Begleitung der Einrichtungen bei der Einführung von Präventionsmaßnahmen.	
10 Jahre Interdisziplinäre Palliativweiterbildung	Palliative Care setzt in Situationen an...	in denen Patienten unter einer unheilbaren, weit fortgeschrittenen und fortschreitenden Erkrankung leiden	in denen Patienten sich in der Sterbephase befinden 	in denen Patienten eine Intensivbehandlung wünschen	in denen Patienten keinen anderen Ausweg mehr wissen 	Super, richtig entschieden! Wenn du so weiter machst, dann knackst du den Highscore! 	Das ist leider die falsche Antwort. Die Unterstützung durch Palliative Care setzt bereits vor der Terminalphase, mit der Diagnose der unheilbaren, fortschreitenden Krankheit an.	Falsch. Die Unterstützung durch Palliative Care setzt mit der Diagnose einer unheilbaren, fortschreitenden Krankheit an und meint eine Betreuung und gesundheitliche Versorgung bis zum Tod des Patienten.	Falsch. Die Unterstützung durch Palliative Care setzt mit der Diagnose einer unheilbaren, fortschreitenden Krankheit an und meint eine Betreuung und gesundheitliche Versorgung bis zum Tod des Patienten.	Der Lehrgang unterteilt sich in einen berufsspezifischen und einen interdisziplinären Teil. Die Teilnehmenden setzen das erlernte Wissen in einer interdisziplinären Projektarbeit um, die durchgeführt, dokumentiert und zum Lehrgangsabschluss präsentiert wird.	
10 Jahre Interdisziplinäre Palliativweiterbildung	Wie viel Prozent der sterbenden Menschen in Deutschland würden sich wünschen in der eigenen Häuslichkeit zu sterben?	Etwa 90%	Etwa 50%	Etwa 20%	Etwa 70%	Cool, deine Antwort ist richtig. Herzlichen Glückwunsch. 	Deine Vermutung liegt zu tief. Tatsächlich wünschen sich etwa 90% der sterbenden Menschen in der eigenen Häuslichkeit zu sterben. 	Deine Vermutung liegt zu tief. Tatsächlich wünschen sich etwa 90% der sterbenden Menschen in der eigenen Häuslichkeit zu sterben. 	Deine Vermutung liegt zu tief. Tatsächlich wünschen sich etwa 90% der sterbenden Menschen in der eigenen Häuslichkeit zu sterben. 	Der Lehrgang unterteilt sich in einen berufsspezifischen und einen interdisziplinären Teil. Die Teilnehmenden setzen das erlernte Wissen in einer interdisziplinären Projektarbeit um, die durchgeführt, dokumentiert und zum Lehrgangsabschluss präsentiert wird.	Albrecht, W.; Janke, K.; Thomas, S. u. Graf-Baumann, T. (2016): Aktuelle Rechtsfragen der Palliativversorgung. Heidelberg. Springer
10 Jahre Interdisziplinäre Palliativweiterbildung	Wie viel Prozent der verstorbenen Patienten in Deutschland benötigen pro Jahr eine Palliativversorgung?	Etwa 90%	Etwa 60%	Etwa 20%	Etwa 50%	Richtig! Nach den Schätzungen der Deutschen Gesellschaft für Palliativmedizin benötigen 90% der etwa 850.000 verstorbenen Menschen pro Jahr eine Palliativversorgung.	Deine Antwort ist leider zu niedrig. Nach den Schätzungen der Deutschen Gesellschaft für Palliativmedizin benötigen 90% der etwa 850.000 verstorbenen Menschen pro Jahr eine Palliativversorgung.	Deine Antwort ist leider zu niedrig. Nach den Schätzungen der Deutschen Gesellschaft für Palliativmedizin benötigen 90 Prozent der etwa 850.000 verstorbenen Menschen pro Jahr eine Palliativversorgung.	Deine Antwort ist leider zu niedrig. Nach den Schätzungen der Deutschen Gesellschaft für Palliativmedizin benötigen 90% der etwa 850.000 verstorbenen Menschen pro Jahr eine Palliativversorgung.	Der Lehrgang unterteilt sich in einen berufsspezifischen und einen interdisziplinären Teil. Die Teilnehmenden setzen das erlernte Wissen in einer interdisziplinären Projektarbeit um, die durchgeführt, dokumentiert und zum Lehrgangsabschluss präsentiert wird.	Radbruch, L., Andersohn, F. und Walker, J. (2015):Überversorgung kurativ –  Unterversorgung palliativ? Analyse ausgewählter  Behandlungen am Lebensende. In: https://www.bertelsmann-stiftung.de/fileadmin/files/BSt/Publikationen/GrauePublikationen/Studie_VV__FCG_Ueber-Unterversorgung-palliativ.pdf (Download am 24.05.2018)   
...											